-3,-2,UZVVyIxr3EQOSS9c+V2nNMdhR+g=,CbDBSkNCGMcyB0bpuqCv4bvNYkA=
-9,-2,4QLdwprnSKO2Lnhfz8kOfYC9hvU=,mwisKRCzLDCqpwT/7tfvl7sV4Cg=
-1,-1,4QLdwprnSKO2Lnhfz8kOfYC9hvU=,AT8b4M/cJ3/W2uB2l/YWIHaBzno=
-1,-2,4QLdwprnSKO2Lnhfz8kOfYC9hvU=,CUFLmdQ+qQzykPgayu+pSrIkpRk=
-1,-3,4QLdwprnSKO2Lnhfz8kOfYC9hvU=,6VKdLFPxwbAOwSCP3bayleyh8/4=
-2,-2,QvABfmQ3E19/UjHX6tdqym70k/c=,4e9hRsexgOWHSj0C8lJTzJaBCwU=
-2,-1,QvABfmQ3E19/UjHX6tdqym70k/c=,LmkpYDzhQB5TsAlvTwsyYbI4Aaw=
-2,-3,QvABfmQ3E19/UjHX6tdqym70k/c=,W1Ip5mOAHatn1vik685EvRd+zKE=
-5,-2,gm9uiYbvASqLQw+tJed77bf4Xdo=,+uZQUwCowd0RrmuIYgG4Q33GNmo=
-8,-2,JZnaKGQ0pirPEuDPVqM1RswsDAE=,+uZQUwCowd0RrmuIYgG4Q33GNmo=
